"fdc_id","nutrient_id","amount"
"321358","1008","229.0"
"321358","1003","7.35"
"321358","1004","17.1"
"321358","1005","14.9"
"321358","2047","243"
"321358","2048","229"
"321359","1005","4.91"
"321359","1004","1.9"
"321359","1003","3.35"
"321359","1008","50.0"
"321360","1005","5.51"
"321360","1008","27.0"
"321360","1003","0.83"
"321360","1004","0.63"
"321360","2047","31"
"321360","2048","27"
"321611","1005","4.11"
"321611","1004","0.39"
"321611","1003","1.04"
"321611","1008","21.0"
"321611","2047","24"
"321611","2048","20"
"321900","1003","2.57"
"321900","1004","0.34"
"321900","1008","32.0"
"321900","1005","6.29"
"322228","1003","3.38"
"322228","1004","0.95"
"322228","1008","43.0"
"322228","1005","5.19"
"322559","1004","0.08"
"322559","1003","3.43"
"322559","1005","4.89"
"322559","1008","34.0"
"322892","1003","3.28"
"322892","1008","60.0"
"322892","1004","3.2"
"322892","1005","4.67"
"323121","1003","11.7"
"323121","1004","28.0"
"323121","1008","314.0"
"323121","1005","2.89"
"323121","2047","310"
"323121","2048","314"
"323294","1005","16.2"
"323294","1008","620.0"
"323294","1004","57.8"
"323294","1003","20.4"
"323294","2047","667"
"323294","2048","621"
"323444","1004","11.0"
"323444","1008","157.0"
"323444","1005","6.86"
"323444","1003","7.81"
"323505","1003","2.92"
"323505","1005","4.42"
"323505","1008","35.0"
"323505","1004","1.49"
"323505","2047","43"
"323505","2048","35"
"323604","1005","0.91"
"323604","1008","150.0"
"323604","1003","12.3"
"323604","1004","10.3"
"323604","2047","146"
"323604","2048","150"
"323697","1004","0.16"
"323697","1008","48.0"
"323697","1005","0.74"
"323697","1003","10.1"
"323697","2047","45"
"323697","2048","48"
"323793","1005","6.02"
"323793","1003","79.9"
"323793","1004","0.65"
"323793","1008","376.0"
"323793","2047","350"
"323793","2048","376"
"324038","1008","29.0"
"324038","1004","0.19"
"324038","1005","6.74"
"324038","1003","1.44"
"324157","1003","13.3"
"324157","1004","28.7"
"324157","1008","328.0"
"324157","1005","3.37"
"324157","2047","325"
"324157","2048","329"
"324317","1003","4.52"
"324317","1004","14.4"
"324317","1005","36.3"
"324317","1008","288.0"
"324317","2047","293"
"324317","2048","289"
"324653","1003","0.48"
"324653","1008","12.0"
"324653","1004","0.43"
"324653","1005","1.99"
"324653","2047","14"
"324653","2048","12"
"324860","1003","22.5"
"324860","1005","22.3"
"324860","1004","51.1"
"324860","1008","597.0"
"324860","2047","639"
"324860","2048","597"
"325036","1008","421.0"
"325036","1005","12.4"
"325036","1003","29.6"
"325036","1004","28.0"
"325036","2047","420"
"325036","2048","420"
"325198","1004","30.6"
"325198","1003","18.0"
"325198","1008","366.0"
"325198","1005","5.27"
"325198","2047","368"
"325198","2048","366"
"325287","1004","0.7"
"325287","1005","7.59"
"325287","1003","0.55"
"325287","1008","37.0"
"325287","2047","39"
"325287","2048","37"
"325430","1004","0.27"
"325430","1005","10.1"
"325430","1008","42.0"
"325430","1003","0.91"
"325430","2047","46"
"325430","2048","42"
"325524","1005","17.1"
"325524","1004","56.1"
"325524","1008","612.0"
"325524","1003","21.0"
"325524","2047","657"
"325524","2048","612"
"325658","1003","18.2"
"325658","1008","322.0"
"325658","1005","2.15"
"325658","1004","26.2"
"325871","1004","3.59"
"325871","1003","9.43"
"325871","1008","270.0"
"325871","1005","49.2"
"325871","2047","267"
"325871","2048","270"
"325992","1008","169.0"
"325992","1003","16.7"
"325992","1005","0.93"
"325992","1004","10.4"
"326135","1005","1.44"
"326135","1004","31.0"
"326135","1003","27.0"
"326135","1008","393.0"
"326196","1005","5.3"
"326196","1004","1.21"
"326196","1003","2.94"
"326196","1008","36.0"
"326196","2047","44"
"326196","2048","36"
"326458","1004","0.47"
"326458","1003","0.81"
"326458","1008","37.0"
"326458","1005","7.92"
"326698","1005","5.3"
"326698","1003","4.25"
"326698","1004","3.38"
"326698","1008","61.0"
"326698","2047","69"
"326698","2048","61"
"326905","1005","63.9"
"326905","1008","249.0"
"326905","1003","3.3"
"326905","1004","0.92"
"327046","1005","14.0"
"327046","1003","1.06"
"327046","1004","0.44"
"327046","1008","58.0"
"327046","2047","64"
"327046","2048","58"
"327198","1004","0.18"
"327198","1003","0.82"
"327198","1008","34.0"
"327198","1005","8.16"
"327357","1003","1.06"
"327357","1005","9.18"
"327357","1008","39.0"
"327357","1004","0.28"
"327357","2047","43"
"327357","2048","39"
"327501","1008","47.0"
"327501","1004","0.15"
"327501","1005","11.8"
"327501","1003","0.91"
"327699","1005","7.63"
"327699","1004","0.22"
"327699","1008","31.0"
"327699","1003","0.64"
"327923","1005","3.24"
"327923","1008","17.0"
"327923","1004","0.26"
"327923","1003","1.24"
"328637","1008","408.0"
"328637","1005","2.44"
"328637","1003","23.3"
"328637","1004","34.0"
"328637","2047","409"
"328637","2048","408"
"328841","1004","2.3"
"328841","1005","4.31"
"328841","1003","11.0"
"328841","1008","84.0"
"328841","2047","82"
"328841","2048","84"
"329370","1005","4.44"
"329370","1003","23.7"
"329370","1008","298.0"
"329370","1004","20.4"
"329370","2047","296"
"329370","2048","298"
"329490","1008","575.0"
"329490","1004","39.8"
"329490","1005","1.87"
"329490","1003","48.1"
"329490","2047","558"
"329490","2048","576"
"329596","1003","15.6"
"329596","1005","0.59"
"329596","1004","25.1"
"329596","1008","296.0"
"329596","2047","291"
"329596","2048","297"
"329716","1003","34.2"
"329716","1005","1.07"
"329716","1004","55.5"
"329716","1008","654.0"
"329716","2047","641"
"329716","2048","654"
"329830","1005","2.07"
"329830","1004","24.3"
"329830","1008","326.0"
"329830","1003","24.5"
"330137","1008","61.0"
"330137","1004","0.37"
"330137","1005","3.64"
"330137","1003","10.3"
"330137","2047","59"
"330137","2048","61"
"330415","1004","0.15"
"330415","1008","83.0"
"330415","1005","12.2"
"330415","1003","8.06"
"330415","2047","82"
"330415","2048","83"
"330458","1008","833.0"
"330458","1005","0.84"
"330458","1003","0.0"
"330458","1004","99.1"
"330458","2047","895"
"330458","2048","833"
"330869","1003","27.1"
"330869","1008","220.0"
"330869","1005","0.0"
"330869","1004","11.6"
"331897","1008","156.0"
"331897","1004","5.95"
"331897","1003","23.9"
"331897","1005","0.0"
"331897","2047","149"
"331897","2048","156"
"331960","1005","0.0"
"331960","1003","32.1"
"331960","1004","3.24"
"331960","1008","166.0"
"331960","2047","158"
"331960","2048","166"
"332282","1004","1.48"
"332282","1003","1.41"
"332282","1008","45.0"
"332282","1005","8.05"
"332282","2047","51"
"332282","2048","45"
"332397","1008","106.0"
"332397","1004","3.73"
"332397","1003","16.7"
"332397","1005","0.27"
"332397","2047","101"
"332397","2048","106"
"332597","1008","57.0"
"332597","1005","15.1"
"332597","1004","0.16"
"332597","1003","0.38"
"332791","1008","130.0"
"332791","1004","12.9"
"332791","1003","1.15"
"332791","1005","4.96"
"332791","2047","141"
"332791","2048","130"
"332864","1005","2.63"
"332864","1003","19.3"
"332864","1008","346.0"
"332864","1004","28.1"
"333008","1005","69.6"
"333008","1008","430.0"
"333008","1003","5.79"
"333008","1004","14.3"
"333008","2047","430"
"333281","1004","0.5"
"333281","1003","0.84"
"333281","1005","3.32"
"333281","1008","18.0"
"333281","2047","21"
"333281","2048","18"
"333374","1005","0.0"
"333374","1008","74.0"
"333374","1004","0.45"
"333374","1003","16.3"
"333374","2047","69"
"333374","2048","74"
"333476","1008","56.0"
"333476","1005","0.0"
"333476","1004","0.41"
"333476","1003","12.3"
"333476","2047","53"
"333476","2048","56"
"334194","1005","0.08"
"334194","1003","19.0"
"334194","1004","0.94"
"334194","1008","90.0"
"334194","2047","85"
"334194","2048","90"
"334247","1008","385.0"
"334247","1005","99.6"
"334247","1003","0.0"
"334247","1004","0.32"
"334462","1005","25.5"
"334462","1008","260.0"
"334462","1003","8.88"
"334462","1004","13.6"
"334536","1008","174.0"
"334536","1005","32.5"
"334536","1004","3.19"
"334536","1003","3.84"
"334536","2047","174"
"334628","1004","9.04"
"334628","1005","15.8"
"334628","1003","7.38"
"334628","1008","174.0"
"334628","2047","174"
"334720","1008","229.0"
"334720","1003","5.59"
"334720","1004","9.01"
"334720","1005","31.5"
"334720","2047","229"
"334849","1008","155.0"
"334849","1004","6.39"
"334849","1003","22.8"
"334849","1005","0.0"
"334897","1008","176.0"
"334897","1003","27.7"
"334897","1004","6.36"
"334897","1005","0.0"
"334898","1005","0.0"
"334898","1008","122.0"
"334898","1004","2.48"
"334898","1003","23.4"
"334963","1004","2.41"
"334963","1008","123.0"
"334963","1005","0.0"
"334963","1003","23.7"
"335061","1005","0.0"
"335061","1004","11.4"
"335061","1003","27.3"
"335061","1008","219.0"
"335109","1003","22.7"
"335109","1008","145.0"
"335109","1004","5.32"
"335109","1005","0.0"
"335240","1004","3.55"
"335240","1003","12.3"
"335240","1005","43.1"
"335240","1008","254.0"
"335240","2047","254"
"335245","1003","25.9"
"335245","1004","1.31"
"335306","1003","23.4"
"335306","1004","1.2"
"335419","1003","24.1"
"335419","1004","1.51"
"335422","1004","1.03"
"335422","1003","25.0"
"335425","1004","1.12"
"335425","1003","25.6"
"335428","1004","0.86"
"335428","1003","23.3"
"335433","1004","1.44"
"335433","1003","25.2"
"335442","1004","1.14"
"335442","1003","26.8"
"335695","1003","23.7"
"335695","1004","1.24"
"335774","1003","23.5"
"335774","1004","1.28"
"335777","1003","25.5"
"335777","1004","1.04"
"335782","1003","24.4"
"335782","1004","1.23"
"335785","1004","1.28"
"335785","1003","24.6"
"335912","1003","24.4"
"335912","1004","1.45"
"335927","1004","1.32"
"335927","1003","24.5"
"335930","1003","21.3"
"335930","1004","1.16"
"336067","1004","1.24"
"336067","1003","24.7"
"746758","1003","27.7"
"746758","1005","0.0"
"746758","1004","6.36"
"746758","1008","176.0"
"746758","2047","168"
"746758","2048","176"
"746759","1008","155.0"
"746759","1003","22.8"
"746759","1005","0.0"
"746759","1004","6.39"
"746759","2047","149"
"746759","2048","155"
"746760","1003","23.4"
"746760","1005","0.0"
"746760","1008","122.0"
"746760","1004","2.48"
"746760","2047","116"
"746760","2048","122"
"746761","1003","23.7"
"746761","1004","2.41"
"746761","1008","123.0"
"746761","1005","0.0"
"746761","2047","116"
"746761","2048","123"
"746762","1008","145.0"
"746762","1005","0.0"
"746762","1003","22.7"
"746762","1004","5.32"
"746762","2047","139"
"746762","2048","145"
"746763","1008","219.0"
"746763","1003","27.3"
"746763","1005","0.0"
"746763","1004","11.4"
"746763","2047","212"
"746763","2048","219"
"746764","1004","0.47"
"746764","1008","37.0"
"746764","1005","7.92"
"746764","1003","0.81"
"746764","2047","39"
"746764","2048","37"
"746765","1005","2.07"
"746765","1004","24.3"
"746765","1003","24.5"
"746765","1008","326.0"
"746765","2047","325"
"746765","2048","326"
"746766","1004","11.0"
"746766","1008","157.0"
"746766","1005","6.86"
"746766","1003","7.81"
"746766","2047","158"
"746766","2048","157"
"746767","1003","27.0"
"746767","1004","31.0"
"746767","1008","393.0"
"746767","1005","1.44"
"746767","2047","393"
"746767","2048","393"
"746768","1004","0.92"
"746768","1005","63.9"
"746768","1008","249.0"
"746768","1003","3.3"
"746768","2047","277"
"746768","2048","249"
"746769","1003","1.24"
"746769","1004","0.26"
"746769","1005","3.24"
"746769","1008","17.0"
"746769","2047","20"
"746769","2048","17"
"746770","1003","0.82"
"746770","1008","34.0"
"746770","1004","0.18"
"746770","1005","8.16"
"746770","2047","38"
"746770","2048","34"
"746771","1005","11.8"
"746771","1003","0.91"
"746771","1008","47.0"
"746771","1004","0.15"
"746771","2047","52"
"746771","2048","47"
"746772","1008","43.0"
"746772","1003","3.38"
"746772","1005","5.18"
"746772","1004","0.95"
"746772","2047","43"
"746772","2048","43"
"746773","1003","0.38"
"746773","1004","0.16"
"746773","1008","57.0"
"746773","1005","15.1"
"746773","2047","63"
"746773","2048","57"
"746774","1008","260.0"
"746774","1005","25.5"
"746774","1003","8.88"
"746774","1004","13.6"
"746774","2047","260"
"746775","2047","0"
"746776","1005","4.92"
"746776","1008","34.0"
"746776","1003","3.43"
"746776","1004","0.08"
"746776","2047","34"
"746776","2048","34"
"746777","1005","6.74"
"746777","1003","1.44"
"746777","1004","0.19"
"746777","1008","29.0"
"746777","2047","34"
"746777","2048","29"
"746778","1004","1.9"
"746778","1003","3.36"
"746778","1005","4.9"
"746778","1008","50.0"
"746778","2047","50"
"746778","2048","50"
"746779","1003","13.3"
"746779","1008","328.0"
"746779","1005","3.37"
"746779","1004","28.7"
"746779","2047","341"
"746779","2048","346"
"746780","1005","2.15"
"746780","1008","322.0"
"746780","1003","18.2"
"746780","1004","26.2"
"746780","2047","317"
"746780","2048","322"
"746781","1008","346.0"
"746781","1004","28.1"
"746781","1005","2.63"
"746781","1003","19.3"
"746782","1003","3.27"
"746782","1008","60.0"
"746782","1005","4.63"
"746782","1004","3.2"
"746782","2047","61"
"746782","2048","60"
"746783","1004","10.4"
"746783","1005","0.93"
"746783","1008","169.0"
"746783","1003","16.7"
"746783","2047","164"
"746783","2048","169"
"746784","1008","385.0"
"746784","1003","0.0"
"746784","1004","0.32"
"746784","1005","99.6"
"746784","2047","401"
"746784","2048","385"
"746785","1004","11.6"
"746785","1003","27.1"
"746785","1008","220.0"
"746785","1005","0.0"
"746785","2047","213"
"746785","2048","220"
"746952","1008","121.0"
"746952","1005","2.36"
"746952","1003","19.6"
"746952","1004","3.68"
"746952","2047","121"
"746952","2048","126"
"747429","1008","375.0"
"747429","1004","31.1"
"747429","1003","17.5"
"747429","1005","6.35"
"747429","2047","375"
"747429","2048","373"
"747430","1004","1.04"
"747430","1003","25.5"
"747431","1004","1.16"
"747431","1003","21.3"
"747432","1004","0.86"
"747432","1003","23.3"
"747433","1003","25.6"
"747433","1004","1.12"
"747434","1003","26.8"
"747434","1004","1.14"
"747435","1004","1.28"
"747435","1003","24.6"
"747436","1004","1.44"
"747436","1003","25.2"
"747437","1004","1.23"
"747437","1003","24.4"
"747438","1003","25.0"
"747438","1004","1.03"
"747439","1003","23.4"
"747439","1004","1.2"
"747440","1004","1.31"
"747440","1003","25.9"
"747441","1003","24.1"
"747441","1004","1.51"
"747442","1004","1.32"
"747442","1003","24.5"
"747443","1004","1.28"
"747443","1003","23.5"
"747444","1003","24.4"
"747444","1004","1.45"
"747445","1004","1.24"
"747445","1003","23.7"
"747446","1003","24.7"
"747446","1004","1.24"
"747447","1005","6.27"
"747447","1004","0.34"
"747447","1008","31.0"
"747447","1003","2.57"
"747447","2047","39"
"747447","2048","32"
"747448","1004","0.22"
"747448","1008","31.0"
"747448","1005","7.63"
"747448","1003","0.64"
"747448","2047","35"
"747448","2048","31"
"747693","1005","26.8"
"747693","1003","1.11"
"747693","1008","117.0"
"747693","1004","0.55"
"747693","2047","117"
"747693","2048","103"
"747997","1008","55.0"
"747997","1005","2.36"
"747997","1003","10.7"
"747997","1004","0.0"
"747997","2047","52"
"747997","2048","55"
"748236","1003","16.2"
"748236","1005","1.02"
"748236","1008","334.0"
"748236","1004","28.8"
"748236","2047","328"
"748236","2048","334"
"748967","1005","0.96"
"748967","1004","9.96"
"748967","1003","12.4"
"748967","1008","148.0"
"748967","2047","143"
"748967","2048","147"
"749420","1005","2.1"
"749420","1008","500.0"
"749420","1003","40.9"
"749420","1004","36.5"
"749420","2047","501"
"749420","2048","512"
"789828","1004","81.5"
"789890","1005","77.3"
"789890","1008","366.0"
"789890","1003","10.9"
"789890","1004","1.48"
"789890","2047","366"
"789890","2048","375"
"789951","1003","13.1"
"789951","1005","73.2"
"789951","1004","1.48"
"789951","1008","358.0"
"789951","2047","359"
"789951","2048","367"
"790018","1008","362.0"
"790018","1004","1.7"
"790018","1003","12.0"
"790018","1005","74.6"
"790018","2047","362"
"790018","2048","370"
"790085","1008","370.0"
"790085","1005","71.2"
"790085","1004","2.73"
"790085","1003","15.1"
"790085","2047","370"
"790085","2048","346"
"790146","1004","1.65"
"790146","1003","14.3"
"790146","1008","363.0"
"790146","1005","72.8"
"790146","2047","363"
"790146","2048","372"
"790214","1004","1.3"
"790214","1005","79.8"
"790214","1008","359.0"
"790214","1003","6.94"
"790214","2047","359"
"790214","2048","369"
"790276","1003","6.2"
"790276","1008","364.0"
"790276","1005","80.8"
"790276","1004","1.74"
"790276","2047","364"
"790276","2048","372"
"790508","1004","82.2"
"790577","1008","44.0"
"790577","1005","9.93"
"790577","1004","0.1"
"790577","1003","0.94"
"790577","2047","44"
"790577","2048","42"
"790646","1004","0.05"
"790646","1003","0.83"
"790646","1008","38.0"
"790646","1005","8.61"
"790646","2047","38"
"790646","2048","36"
"790774","1005","20.1"
"790774","1003","0.73"
"790774","1008","85.0"
"790774","1004","0.22"
"790991","1003","0.74"
"790991","1008","97.0"
"790991","1005","23.0"
"790991","1004","0.29"
"1104647","1003","6.62"
"1104647","1004","0.38"
"1104647","1008","143.0"
"1104647","1005","28.2"
"1104647","2048","130"
"1104647","2047","143"
"1104705","1005","32.9"
"1104705","1008","366.0"
"1104705","1003","51.1"
"1104705","1004","3.33"
"1104705","2047","366"
"1104705","2048","339"
"1104766","1005","27.9"
"1104766","1004","20.7"
"1104766","1008","452.0"
"1104766","1003","38.6"
"1104766","2047","452"
"1104766","2048","421"
"1104812","1005","75.5"
"1104812","1003","7.19"
"1104812","1008","365.25"
"1104812","1004","3.85"
"1104812","2047","365"
"1104812","2048","368"
"1104867","1003","6.69"
"1104867","1004","1.16"
"1104867","1008","358.0"
"1104867","1005","80.1"
"1104867","2047","358"
"1104867","2048","368"
"1104913","1008","358.0"
"1104913","1004","1.64"
"1104913","1003","8.75"
"1104913","1005","77.2"
"1104913","2047","359"
"1104913","2048","367"
"1104962","1004","0.13"
"1104962","1008","35.0"
"1104962","1005","7.68"
"1104962","1003","0.89"
"1104962","2047","36"
"1104962","2048","33"
"1105073","1003","0.73"
"1105073","1008","85.0"
"1105073","1005","20.1"
"1105073","1004","0.22"
"1105073","2047","85"
"1105073","2048","77"
"1105314","1008","97.0"
"1105314","1005","23.0"
"1105314","1004","0.29"
"1105314","1003","0.74"
"1105314","2047","98"
"1105314","2048","88"
"1105430","1003","0.19"
"1105430","1005","14.8"
"1105430","1004","0.21"
"1105430","1008","62.0"
"1105430","2047","62"
"1105430","2048","56"
"1105547","1008","60.0"
"1105547","1004","0.1"
"1105547","1003","0.1"
"1105547","1005","14.7"
"1105547","2047","60"
"1105547","2048","54"
"1105664","1003","0.27"
"1105664","1008","59.0"
"1105664","1004","0.14"
"1105664","1005","14.2"
"1105664","2047","59"
"1105664","2048","53"
"1105781","1004","0.15"
"1105781","1003","0.13"
"1105781","1005","14.8"
"1105781","1008","61.0"
"1105781","2047","61"
"1105781","2048","55"
"1105897","1008","65.0"
"1105897","1004","0.16"
"1105897","1003","0.15"
"1105897","1005","15.7"
"1105897","2047","65"
"1105897","2048","58"
"1750337","2048","38.485"
"1750337","2047","38.485"
"1750337","1005","1.293125"
"1750337","1003","3.546875"
"1750337","1004","2.125"
"1750338","2048","14.5562"
"1750338","2047","14.5562"
"1750338","1005","0.3371125"
"1750338","1003","0.5546875"
"1750338","1004","1.221"
"1750339","2048","55.622745"
"1750339","2047","61.7893"
"1750339","1005","14.7817"
"1750339","1003","0.1875"
"1750339","1004","0.2125"
"1750340","2048","58.20306"
"1750340","2047","64.6609"
"1750340","1005","15.6511625"
"1750340","1003","0.1484375"
"1750340","1004","0.1625"
"1750341","2048","54.866865"
"1750341","2047","60.9536"
"1750341","1005","14.7680875"
"1750341","1003","0.1328125"
"1750341","1004","0.15"
"1750342","2048","52.958085"
"1750342","2047","58.8719"
"1750342","1005","14.142975"
"1750342","1003","0.265625"
"1750342","1004","0.1375"
"1750343","2048","54.033225"
"1750343","2047","60.034"
"1750343","1005","14.6819375"
"1750343","1003","0.1015625"
"1750343","1004","0.1"
"1750344","2048","35.107387"
"1750344","2047","42.6655"
"1750344","1005","7.5897"
"1750344","1003","2.5"
"1750344","1004","0.2563"
"1750345","2048","33.31965"
"1750345","2047","41.0475"
"1750345","1005","6.94125"
"1750345","1003","2.89875"
"1750345","1004","0.1875"
"1750346","2048","36.3915875"
"1750346","2047","44.095"
"1750346","1005","8.170625"
"1750346","1003","2.414375"
"1750346","1004","0.195"
"1750347","2048","24.8732585"
"1750347","2047","31.2172"
"1750347","1005","4.079375"
"1750347","1004","0.3708"
"1750347","1003","2.890625"
"1750352","2048","20.72851125"
"1750352","2047","26.602"
"1750352","1005","2.406325"
"1750352","1003","2.851875"
"1750352","1004","0.6188"
"1750353","2048","21.5796975"
"1750353","2047","27.63"
"1750353","1005","2.64135"
"1750353","1003","2.90625"
"1750353","1004","0.6044"
"1750354","2048","18.95436075"
"1750354","2047","21.9574"
"1750354","1005","3.837475"
"1750354","1003","0.695625"
"1750354","1004","0.425"
"1999626","2048","35.107387"
"1999626","2047","42.6655"
"1999626","1005","7.5897"
"1999626","1003","2.5"
"1999626","1004","0.2563"
"1999627","2048","33.31965"
"1999627","2047","41.0475"
"1999627","1005","6.94125"
"1999627","1003","2.89875"
"1999627","1004","0.1875"
"1999628","2048","36.3915875"
"1999628","2047","44.095"
"1999628","1005","8.170625"
"1999628","1003","2.414375"
"1999628","1004","0.195"
"1999629","2048","24.8732585"
"1999629","2047","31.2172"
"1999629","1005","4.079375"
"1999629","1003","2.890625"
"1999629","1004","0.3708"
"1999630","2048","38.485"
"1999630","2047","38.485"
"1999630","1005","1.293125"
"1999630","1003","3.546875"
"1999630","1004","2.125"
"1999631","2048","14.5562"
"1999631","2047","14.5562"
"1999631","1005","0.3371125"
"1999631","1003","0.5546875"
"1999631","1004","1.221"
"1999632","2048","20.72851125"
"1999632","2047","26.602"
"1999632","1005","2.406325"
"1999632","1003","2.851875"
"1999632","1004","0.6188"
"1999633","2048","21.5796975"
"1999633","2047","27.63"
"1999633","1005","2.64135"
"1999633","1003","2.90625"
"1999633","1004","0.6044"
"1999634","2048","18.95436075"
"1999634","2047","21.9574"
"1999634","1005","3.837475"
"1999634","1003","0.695625"
"1999634","1004","0.425"
"2003586","2048","365.610744"
"2003586","2047","357.0648"
"2003586","1005","74.4462"
"2003586","1003","11.4"
"2003586","1004","1.52"
"2003587","2048","340.5831"
"2003587","2047","363.679"
"2003587","1005","70.723"
"2003587","1003","14.475"
"2003587","1004","2.543"
"2003588","2048","365.0310665"
"2003588","2047","356.5918"
"2003588","1005","73.82345"
"2003588","1003","11.73125"
"2003588","1004","1.597"
"2003589","2048","365.9569125"
"2003589","2047","357.81"
"2003589","1005","71.98575"
"2003589","1003","13.33125"
"2003589","1004","1.838"
"2003590","2048","47.231814"
"2003590","2047","48.3763"
"2003590","1005","11.3639625"
"2003590","1003","0.0859375"
"2003590","1004","0.2863"
"2003591","2048","45.723"
"2003591","2047","47.225"
"2003591","1005","10.340625"
"2003591","1003","0.734375"
"2003591","1004","0.325"
"2003592","2048","64.513952"
"2003592","2047","66.1099"
"2003592","1005","15.6227875"
"2003592","1003","0.2578125"
"2003592","1004","0.2875"
"2003593","2048","64.64055"
"2003593","2047","66.135"
"2003593","1005","15.84375"
"2003593","1003","0.09375"
"2003593","1004","0.265"
"2003594","2048","31.298775"
"2003594","2047","32.0925"
"2003594","1005","7.26375"
"2003594","1003","0.0"
"2003594","1004","0.3375"
"2003595","2048","39.830778"
"2003595","2047","41.0921"
"2003595","1005","9.1021875"
"2003595","1003","0.5703125"
"2003595","1004","0.2669"
"2003596","2048","19.92788125"
"2003596","2047","23.3075"
"2003596","1005","4.320625"
"2003596","1003","0.859375"
"2003596","1004","0.2875"
"2003597","2048","44.960839"
"2003597","2047","46.5063"
"2003597","1005","10.0124"
"2003597","1003","0.8125"
"2003597","1004","0.3563"
"2003598","2048","26.024813"
"2003598","2047","32.4385"
"2003598","1005","4.6583"
"2003598","1003","2.75"
"2003598","1004","0.3117"
"2003599","2048","38.460412"
"2003599","2047","46.3951"
"2003599","1005","8.50065"
"2003599","1003","2.40625"
"2003599","1004","0.3075"
"2003600","2048","36.7150215"
"2003600","2047","44.4382"
"2003600","1005","8.141425"
"2003600","1003","2.416875"
"2003600","1004","0.245"
"2003601","2048","23.722638"
"2003601","2047","30.2035"
"2003601","1005","4.01455"
"2003601","1003","3.09375"
"2003601","1004","0.1967"
"2003602","2048","30.9734625"
"2003602","2047","37.615"
"2003602","1005","6.604375"
"2003602","1003","2.203125"
"2003602","1004","0.265"
"2003603","2048","32.995442"
"2003603","2047","39.8018"
"2003603","1005","6.7593"
"2003603","1003","2.18"
"2003603","1004","0.4494"
"2003604","2048","31.236476"
"2003604","2047","39.2148"
"2003604","1005","5.7637"
"2003604","1003","3.5"
"2003604","1004","0.24"
"2257044","2047","40.705"
"2257044","1005","2.996125"
"2257044","1003","2.776875"
"2257044","1004","1.957"
"2257045","2047","19.33"
"2257045","1005","0.67075"
"2257045","1003","0.65625"
"2257045","1004","1.558"
"2257046","2047","48.3298"
"2257046","1005","5.100325"
"2257046","1003","0.796875"
"2257046","1004","2.749"
"2258586","2048","44.978589"
"2258586","2047","47.9906"
"2258586","1005","10.26755"
"2258586","1003","0.94125"
"2258586","1004","0.3506"
"2258587","2048","38.250983"
"2258587","2047","40.7723"
"2258587","1005","9.0787"
"2258587","1003","0.805"
"2258587","1004","0.1375"
"2258588","2048","19.692148"
"2258588","2047","22.9291"
"2258588","1005","4.7781"
"2258588","1003","0.715"
"2258588","1004","0.1063"
"2258589","2048","26.58104025"
"2258589","2047","30.7743"
"2258589","1005","6.601725"
"2258589","1003","0.819375"
"2258589","1004","0.1211"
"2258590","2048","26.98843175"
"2258590","2047","31.3256"
"2258590","1005","6.653175"
"2258590","1003","0.895625"
"2258590","1004","0.1256"
"2258591","2048","27.38430325"
"2258591","2047","31.7404"
"2258591","1005","6.703125"
"2258591","1003","0.881875"
"2258591","1004","0.1556"
"2259792","2048","42.9180362"
"2259792","2047","42.835"
"2259792","1005","4.811522"
"2259792","1003","3.464978"
"2259792","1004","1.081"
"2259793","2048","77.3185458"
"2259793","2047","77.9524"
"2259793","1005","5.574928"
"2259793","1003","3.824172"
"2259793","1004","4.484"
"2259794","2048","94.507135"
"2259794","2047","93.6776"
"2259794","1005","4.75402"
"2259794","1003","8.77888"
"2259794","1004","4.394"
"2259795","2048","404.763418"
"2259795","2047","403.384"
"2259795","1005","4.33188"
"2259795","1003","30.13912"
"2259795","1004","29.5"
"2259796","2048","273.472498"
"2259796","2047","272.884"
"2259796","1005","5.58318"
"2259796","1003","19.70782"
"2259796","1004","19.08"
"2261420","2048","577.62536"
"2261420","2047","622.042"
"2261420","1005","16.24925"
"2261420","1003","26.24375"
"2261420","1004","50.23"
"2261421","2048","386.429275"
"2261421","2047","389.125"
"2261421","1005","69.91725"
"2261421","1003","13.16875"
"2261421","1004","6.309"
"2261422","2048","352.682197"
"2261422","2047","360.7805"
"2261422","1005","79.9422"
"2261422","1003","8.1125"
"2261422","1004","0.9513"
"2262072","2048","589.383006"
"2262072","2047","631.65"
"2262072","1005","22.70376"
"2262072","1003","23.99124"
"2262072","1004","49.43"
"2262073","2048","648.374268"
"2262073","2047","697.1376"
"2262073","1005","14.179"
"2262073","1003","19.7054"
"2262073","1004","62.4"
"2262074","2048","602.510076"
"2262074","2047","645.456"
"2262074","1005","21.23666"
"2262074","1003","20.78734"
"2262074","1004","53.04"
"2262075","2048","514.44343"
"2262075","2047","545.084"
"2262075","1005","34.3551"
"2262075","1003","18.0359"
"2262075","1004","37.28"
"2263887","2048","32.66565"
"2263887","2047","36.4"
"2263887","1005","7.964375"
"2263887","1003","0.640625"
"2263887","1004","0.22"
"2263888","2048","51.412425"
"2263888","2047","57.3375"
"2263888","1005","12.904375"
"2263888","1003","1.008125"
"2263888","1004","0.1875"
"2263889","2048","57.384621"
"2263889","2047","63.8563"
"2263889","1005","14.571775"
"2263889","1003","0.703125"
"2263889","1004","0.3063"
"2263890","2048","77.151876"
"2263890","2047","85.919"
"2263890","1005","20.196825"
"2263890","1003","0.914375"
"2263890","1004","0.1638"
"2263891","2048","71.939325"
"2263891","2047","80.1025"
"2263891","1005","18.60375"
"2263891","1003","0.89875"
"2263891","1004","0.2325"
"2263892","2048","46.4205"
"2263892","2047","51.6025"
"2263892","1005","12.2615625"
"2263892","1003","0.2734375"
"2263892","1004","0.1625"
"2346384","2048","104.574374"
"2346384","2047","102.921"
"2346384","1005","4.59964"
"2346384","1003","11.62436"
"2346384","1004","4.225"
"2346385","2048","336.73206"
"2346385","2047","342.794"
"2346385","1005","4.55615"
"2346385","1003","5.78985"
"2346385","1004","33.49"
"2346386","2048","335.8933226"
"2346386","2047","343.31"
"2346386","1005","3.799506"
"2346386","1003","2.017994"
"2346386","1004","35.56"
"2346387","2048","192.7437716"
"2346387","2047","196.4148"
"2346387","1005","5.555506"
"2346387","1003","3.070694"
"2346387","1004","17.99"
"2346388","2048","14.455425"
"2346388","1004","0.07375"
"2346388","1003","0.7425"
"2346388","1005","3.36875"
"2346388","2047","17.10875"
"2346389","2048","17.45834025"
"2346389","1004","0.07125"
"2346389","1003","0.976875"
"2346389","1005","4.055575"
"2346389","2047","20.77105"
"2346390","2048","14.68480875"
"2346390","2047","17.5315"
"2346390","1004","0.1063"
"2346390","1003","0.883125"
"2346390","1005","3.260575"
"2346391","2048","18.4931365"
"2346391","2047","22.0463"
"2346391","1004","0.1563"
"2346391","1003","1.09375"
"2346391","1005","4.06615"
"2346392","2048","642.99228"
"2346392","2047","688.614"
"2346392","1005","18.5921"
"2346392","1003","15.7039"
"2346392","1004","61.27"
"2346393","2048","583.597022"
"2346393","2047","625.75"
"2346393","1005","20.03462"
"2346393","1003","21.45038"
"2346393","1004","51.09"
"2346394","2048","678.66434"
"2346394","2047","729.556"
"2346394","1005","10.9096"
"2346394","1003","14.5644"
"2346394","1004","69.74"
"2346395","2048","699.59644"
"2346395","2047","750.152"
"2346395","1005","12.6993"
"2346395","1003","9.9587"
"2346395","1004","73.28"
"2346396","2048","378.866123"
"2346396","2047","381.626"
"2346396","1005","68.65755"
"2346396","1003","13.49645"
"2346396","1004","5.89"
"2346397","2048","379.2080612"
"2346397","2047","381.248"
"2346397","1005","69.75082"
"2346397","1003","12.51118"
"2346397","1004","5.8"
"2346398","2048","54.046596"
"2346398","2047","60.1113"
"2346398","1005","14.0914625"
"2346398","1003","0.4609375"
"2346398","1004","0.2113"
"2346399","2048","63.290775"
"2346399","2047","70.5425"
"2346399","1005","16.163125"
"2346399","1003","1.039375"
"2346399","1004","0.1925"
"2346400","2048","33.5679465"
"2346400","2047","39.9998"
"2346400","1005","7.41245"
"2346400","1003","1.96875"
"2346400","1004","0.275"
"2346401","2048","80.9523625"
"2346401","2047","83.42"
"2346401","1005","17.77125"
"2346401","1003","2.27375"
"2346401","1004","0.36"
"2346402","2048","73.373425"
"2346402","2047","75.5575"
"2346402","1005","16.27"
"2346402","1003","2.0625"
"2346402","1004","0.2475"
"2346403","2048","71.575228"
"2346403","2047","73.4738"
"2346403","1005","15.9624"
"2346403","1003","1.8125"
"2346403","1004","0.2638"
"2346404","2048","77.35727375"
"2346404","2047","78.999"
"2346404","1005","17.327875"
"2346404","1003","1.578125"
"2346404","1004","0.375"
"2346405","2048","14.83215875"
"2346405","1004","0.1625"
"2346405","1003","0.4921875"
"2346405","1005","3.3165125"
"2346405","2047","16.6973"
"2346406","1004","0.1775"
"2346406","1003","0.625"
"2346406","1005","2.9525"
"2346406","2047","15.9075"
"2346406","2048","13.934925"
"2346407","2048","27.8695"
"2346407","1004","0.2275"
"2346407","1003","0.96125"
"2346407","1005","6.38375"
"2346407","2047","31.4275"
"2346408","2048","29.943836"
"2346408","1004","0.2138"
"2346408","1003","1.2425"
"2346408","1005","6.7899"
"2346408","2047","34.0538"
"2346409","2048","32.66565"
"2346409","2047","36.4"
"2346409","1005","7.964375"
"2346409","1003","0.640625"
"2346409","1004","0.22"
"2346410","2048","51.412425"
"2346410","2047","57.3375"
"2346410","1005","12.904375"
"2346410","1003","1.008125"
"2346410","1004","0.1875"
"2346411","2048","57.384621"
"2346411","2047","63.8563"
"2346411","1005","14.571775"
"2346411","1003","0.703125"
"2346411","1004","0.3063"
"2346412","2048","77.151876"
"2346412","2047","85.919"
"2346412","1005","20.196825"
"2346412","1003","0.914375"
"2346412","1004","0.1638"
"2346413","2048","71.939325"
"2346413","2047","80.1025"
"2346413","1005","18.60375"
"2346413","1003","0.89875"
"2346413","1004","0.2325"
"2346414","2048","46.4205"
"2346414","2047","51.6025"
"2346414","1005","12.2615625"
"2346414","1003","0.2734375"
"2346414","1004","0.1625"
"2512371","2048","377.9609"
"2512371","2047","384.076"
"2512371","1005","68.7787"
"2512371","1003","13.2093"
"2512371","1004","6.236"
"2512372","2048","378.394015"
"2512372","2047","385.197"
"2512372","1005","69.52465"
"2512372","1003","11.92235"
"2512372","1004","6.601"
"2512373","2048","363.8590417"
"2512373","2047","374.93"
"2512373","1005","77.39123"
"2512373","1003","8.27277"
"2512373","1004","3.586"
"2512374","2048","334.3016028"
"2512374","2047","357.968"
"2512374","1005","75.01808"
"2512374","1003","8.88492"
"2512374","1004","2.484"
"2512375","2048","350.962038"
"2512375","2047","359.4"
"2512375","1005","77.1618"
"2512375","1003","8.3952"
"2512375","1004","1.908"
"2512376","2048","357.191828"
"2512376","2047","366.53"
"2512376","1005","77.39832"
"2512376","1003","8.72168"
"2512376","1004","2.45"
"2512377","2048","358.55706075"
"2512377","2047","357.369"
"2512377","1005","87.312975"
"2512377","1003","0.918225"
"2512377","1004","0.4938"
"2512378","2048","331.6005206"
"2512378","2047","356.135"
"2512378","1005","71.13066"
"2512378","1003","11.06534"
"2512378","1004","3.039"
"2512379","2048","380.6064975"
"2512379","2047","375.618"
"2512379","1005","74.44623"
"2512379","1003","10.02177"
"2512379","1004","4.194"
"2512380","2048","368.3584745"
"2512380","2047","365.518"
"2512380","1005","76.68795"
"2512380","1003","7.25305"
"2512380","1004","3.306"
"2512381","2048","369.637321"
"2512381","2047","358.705"
"2512381","1005","80.31315"
"2512381","1003","7.03885"
"2512381","1004","1.033"
"2514743","1004","12.85"
"2514743","1003","18.15625"
"2514743","1005","0"
"2514743","2047","184.8648"
"2514743","2048","190.134819"
"2514744","1004","19.44"
"2514744","1003","17.53125"
"2514744","1005","0"
"2514744","2047","242.61"
"2514744","2048","247.812675"
"2514745","1004","17.49"
"2514745","1003","17.80625"
"2514745","1005","0"
"2514745","2047","228.2728"
"2514745","2048","233.442059"
"2514746","1004","7.161"
"2514746","1003","17.9125"
"2514746","1005","0"
"2514746","2047","133.0498"
"2514746","2048","138.128494"
"2514747","1004","9.591"
"2514747","1003","17.34375"
"2514747","1005","0"
"2514747","2047","152.615"
"2514747","2048","157.5897"
"2515373","1004","57.43"
"2515373","1003","15.03684"
"2515373","1005","21.64216"
"2515373","2047","663.586"
"2515373","2048","620.950526"
"2515374","1004","38.86"
"2515374","1003","17.4423"
"2515374","1005","36.2887"
"2515374","2047","564.664"
"2515374","2048","533.47799"
"2515375","1004","53.49"
"2515375","1003","13.4938"
"2515375","1005","26.5012"
"2515375","2047","641.39"
"2515375","2048","602.39467"
"2515376","1004","43.28"
"2515376","1003","23.205"
"2515376","1005","26.498"
"2515376","2047","588.332"
"2515376","2048","550.62181"
"2515377","2048","384.58086"
"2515377","1004","4.636"
"2515377","1003","5.28675"
"2515377","1005","80.45025"
"2515377","2047","384.672"
"2515378","1004","64.93"
"2515378","1003","7.7857"
"2515378","1005","24.0943"
"2515378","2047","711.89"
"2515378","2048","668.54428"
"2515379","1004","45.02"
"2515379","1003","20.5057"
"2515379","1005","27.6943"
"2515379","2047","597.98"
"2515379","2048","560.68798"
"2515380","1004","40.03"
"2515380","1003","29.9079"
"2515380","1005","18.6751"
"2515380","2047","554.602"
"2515380","2048","514.83917"
"2515381","1004","48.44"
"2515381","1003","18.8733"
"2515381","1005","24.5007"
"2515381","2047","609.456"
"2515381","2048","570.651"
"2515382","1004","15.28"
"2515382","1003","16.1385"
"2515382","1005","58.9025"
"2515382","2047","437.684"
"2515382","2048","423.62737"
"2644281","1004","2.199"
"2644281","1003","21.5625"
"2644281","1005","59.7955"
"2644281","2047","345.223"
"2644281","2048","336.59519"
"2644282","1004","6.274"
"2644282","1003","21.275"
"2644282","1005","60.358"
"2644282","2047","382.998"
"2644282","2048","371.99469"
"2644283","1004","1.925"
"2644283","1003","23.56875"
"2644283","1005","62.17125"
"2644283","2047","360.285"
"2644283","2048","350.9328"
"2644284","1004","2.419"
"2644284","1003","21.225"
"2644284","1005","61.836"
"2644284","2047","354.015"
"2644284","2048","345.5703"
"2644285","1004","1.273"
"2644285","1003","6.9125"
"2644285","1005","19.8135"
"2644285","2047","118.361"
"2644285","2048","115.28233"
"2644286","1004","1.398"
"2644286","1003","6.56875"
"2644286","1005","19.98325"
"2644286","2047","118.79"
"2644286","2048","115.82665"
"2644287","1004","1.169"
"2644287","1003","7.4125"
"2644287","1005","18.8185"
"2644287","2047","115.445"
"2644287","2048","112.0972"
"2644288","1004","3.096"
"2644288","1003","7.01875"
"2644288","1005","20.32025"
"2644288","2047","137.22"
"2644288","2048","132.972"
"2644289","1004","1.256"
"2644289","1003","7.8"
"2644289","1005","21.03"
"2644289","2047","126.624"
"2644289","2048","123.17082"
"2644290","1004","1.299"
"2644290","1003","7.30625"
"2644290","1005","21.44675"
"2644290","2047","126.703"
"2644290","2048","123.51359"
"2644291","1004","1.153"
"2644291","1003","4.734375"
"2644291","1005","12.707625"
"2644291","2047","80.145"
"2644291","2048","77.798925"
"2644292","1004","1.266"
"2644292","1003","6.69375"
"2644292","1005","19.60025"
"2644292","2047","116.57"
"2644292","2048","113.59675"
"2644293","1004","1.296"
"2644293","1003","6.925"
"2644293","1005","19.1659"
"2644293","2047","116.0276"
"2644293","2048","112.882483"
"2644294","1004","1.266"
"2644294","1003","7.03125"
"2644294","1005","19.32875"
"2644294","2047","116.834"
"2644294","2048","113.66287"
"2646168","2048","173.72307"
"2646168","2047","167.769"
"2646168","1005","0"
"2646168","1004","9.469"
"2646168","1003","21.11875"
"2646169","2048","125.02117"
"2646169","2047","119.039"
"2646169","1005","0"
"2646169","1004","3.899"
"2646169","1003","21.58125"
"2646170","2048","112.20227"
"2646170","2047","106.034"
"2646170","1005","0"
"2646170","1004","1.934"
"2646170","1003","22.525"
"2646171","2048","149.306475"
"2646171","2047","144.07"
"2646171","1005","0"
"2646171","1004","7.916"
"2646171","1003","18.6125"
"2646172","2048","259.611425"
"2646172","2047","254.11"
"2646172","1005","0"
"2646172","1004","20.04"
"2646172","1003","18.74375"
"2646173","2048","146.43655"
"2646173","2047","140.635"
"2646173","1005","0.852"
"2646173","1004","5.703"
"2646173","1003","21.475"
"2646174","2048","237.096894"
"2646174","2047","231.7048"
"2646174","1005","0"
"2646174","1004","17.8"
"2646174","1003","18.4"
"2646175","2048","169.562744"
"2646175","2047","163.8998"
"2646175","1005","0"
"2646175","1004","9.399"
"2646175","1003","20.13125"
"2647437","2048","50.07437"
"2647437","2047","50.0015"
"2647437","1005","8.07675"
"2647437","1004","0.0875"
"2647437","1003","4.22675"
"2647438","2048","390.73759"
"2647438","2047","391.73"
"2647438","1005","1.8979"
"2647438","1003","22.6171"
"2647438","1004","32.63"
"2647439","2048","307.89587"
"2647439","2047","309.768"
"2647439","1005","8.1898"
"2647439","1003","15.5672"
"2647439","1004","23.86"
"2647440","2048","356.900072"
"2647440","2047","356.794"
"2647440","1005","2.45312"
"2647440","1003","23.45288"
"2647440","1004","28.13"
"2647441","2048","298.113882"
"2647441","2047","297.088"
"2647441","1005","2.40202"
"2647441","1003","22.14498"
"2647441","1004","22.1"
"2647442","2048","297.41686"
"2647442","2047","297.608"
"2647442","1005","2.9572"
"2647442","1003","18.8848"
"2647442","1004","23.36"
"2647443","2048","351.761072"
"2647443","2047","351.4"
"2647443","1005","2.72432"
"2647443","1003","23.83568"
"2647443","1004","27.24"
"2684440","2048","136.22202"
"2684440","2047","129.984"
"2684440","1005","0"
"2684440","1004","4.936"
"2684440","1003","22.3"
"2684441","2048","203.10632"
"2684441","2047","197.294"
"2684441","1005","0"
"2684441","1004","13.11"
"2684441","1003","20.31875"
"2684442","2048","99.95727"
"2684442","2047","94.659"
"2684442","1005","0"
"2684442","1004","2.479"
"2684442","1003","19.0"
"2684443","2048","75.699433"
"2684443","2047","71.4265"
"2684443","1005","0.48495"
"2684443","1004","0.8013"
"2684443","1003","15.56875"
"2684444","2048","70.477065"
"2684444","2047","65.9855"
"2684444","1005","0"
"2684444","1004","0.6675"
"2684444","1003","16.06875"
"2684445","2048","133.787497"
"2684445","2047","129.1124"
"2684445","1005","0"
"2684445","1004","7.308"
"2684445","1003","16.46875"
"2684446","2048","86.021115"
"2684446","2047","80.9935"
"2684446","1005","0"
"2684446","1004","0.8075"
"2684446","1003","18.65"
"2685568","1005","3.27"
"2685568","2048","16"
"2685568","2047","19"
"2685568","1004","0.205"
"2685568","1003","0.984375"
"2685569","1005","4.39"
"2685569","2048","19"
"2685569","2047","22"
"2685569","1004","0.135"
"2685569","1003","0.890625"
"2685570","1004","0.1675"
"2685570","1003","1.14875"
"2685570","1005","10.50745"
"2685570","2047","48.1323"
"2685570","2048","41.7165215"
"2685571","1004","0.1825"
"2685571","1003","1.25"
"2685571","1005","10.48"
"2685571","2047","48.5625"
"2685571","2048","41.991125"
"2685572","1004","0.2338"
"2685572","1003","1.02375"
"2685572","1005","3.51495"
"2685572","2047","20.259"
"2685572","2048","17.0032275"
"2685573","1004","0.2375"
"2685573","1003","1.640625"
"2685573","1005","4.723075"
"2685573","2047","27.5923"
"2685573","2048","22.85237775"
"2685574","1004","0.77"
"2685574","1003","2.96875"
"2685574","1005","7.02225"
"2685574","2047","46.894"
"2685574","2048","38.7580825"
"2685575","1004","0.565"
"2685575","1003","3.984375"
"2685575","1005","9.615625"
"2685575","2047","59.485"
"2685575","2048","48.77870625"
"2685576","2048","40.965255"
"2685576","2047","44.6205"
"2685576","1005","8.787"
"2685576","1003","1.6875"
"2685576","1004","0.3025"
"2685577","2048","22.35856525"
"2685577","2047","26.0848"
"2685577","1005","5.399325"
"2685577","1003","0.851875"
"2685577","1004","0.12"
"2685578","2048","19.149449"
"2685578","2047","22.4763"
"2685578","1005","4.2874"
"2685578","1003","0.8675"
"2685578","1004","0.2063"
"2685579","2048","29.10400125"
"2685579","2047","34.1765"
"2685579","1005","6.331625"
"2685579","1003","1.351875"
"2685579","1004","0.3825"
"2685580","2048","88.53450625"
"2685580","2047","104.2825"
"2685580","1005","20.188125"
"2685580","1003","4.234375"
"2685580","1004","0.7325"
"2685581","2048","32.313665"
"2685581","2047","37.8755"
"2685581","1005","7.137"
"2685581","1003","1.4375"
"2685581","1004","0.3975"
"2685582","2048","34.76031875"
"2685582","2047","40.845"
"2685582","1005","8.036875"
"2685582","1003","1.578125"
"2685582","1004","0.265"
"2710815","2048","43.47915"
"2710815","2047","48.445"
"2710815","1005","10.23875"
"2710815","1003","0.96125"
"2710815","1004","0.405"
"2710816","2048","32.935251"
"2710816","2047","36.6715"
"2710816","1005","8.14995"
"2710816","1003","0.53125"
"2710816","1004","0.2163"
"2710817","2048","122.789661"
"2710817","2047","136.4733"
"2710817","1005","30.95215"
"2710817","1003","1.15625"
"2710817","1004","0.8933"
"2710818","2048","144.50803225"
"2710818","2047","145.4318"
"2710818","1005","33.587325"
"2710818","1003","1.229375"
"2710818","1004","0.685"
"2710819","2048","490.09552"
"2710819","2047","517.154"
"2710819","1005","38.273"
"2710819","1004","32.89"
"2710819","1003","17.013"
"2710820","2048","349.3017225"
"2710820","2047","372.341"
"2710820","1005","75.88175"
"2710820","1003","11.75625"
"2710820","1004","2.421"
"2710821","2048","358.55263"
"2710821","2047","369.164"
"2710821","1005","75.6695"
"2710821","1003","12.7875"
"2710821","1004","1.704"
"2710822","2048","25.9078525"
"2710822","1004","0.325"
"2710822","1003","1.64875"
"2710822","1005","5.36825"
"2710822","2047","30.993"
"2710823","2048","23.529215"
"2710823","2047","28.1015"
"2710823","1005","5.1012"
"2710823","1003","1.4375"
"2710823","1004","0.2163"
"2710824","2048","206.0493"
"2710824","1004","20.31"
"2710824","1003","1.8125"
"2710824","1005","8.3235"
"2710824","2047","223.334"
"2710825","2048","360.53871"
"2710825","2047","369.97"
"2710825","1005","77.18825"
"2710825","1003","7.56875"
"2710825","1004","3.438"
"2710826","2048","72.85765625"
"2710826","2047","84.55"
"2710826","1005","14.689625"
"2710826","1003","2.789375"
"2710826","1004","1.626"
"2710827","2048","345.6801839"
"2710827","2047","369.383"
"2710827","1005","68.65381"
"2710827","1003","15.11719"
"2710827","1004","3.811"
"2710828","2048","344.0049964"
"2710828","2047","367.011"
"2710828","1005","72.13156"
"2710828","1003","12.63944"
"2710828","1004","3.103"
"2710829","2048","376.8911025"
"2710829","2047","369.133"
"2710829","1005","81.30525"
"2710829","1003","7.16875"
"2710829","1004","1.693"
"2710830","2048","347.7914113"
"2710830","2047","371.4"
"2710830","1005","71.79427"
"2710830","1003","14.75573"
"2710830","1004","2.8"
"2710831","2048","58.48917"
"2710831","2047","65.0648"
"2710831","1005","13.818075"
"2710831","1003","1.008125"
"2710831","1004","0.64"
"2710832","2048","55.640145"
"2710832","2047","61.9623"
"2710832","1005","13.421825"
"2710832","1003","1.039375"
"2710832","1004","0.4575"
"2710833","2048","61.635825"
"2710833","2047","68.4625"
"2710833","1005","15.265"
"2710833","1003","0.5625"
"2710833","1004","0.5725"
"2710834","2048","70.638801"
"2710834","2047","78.4665"
"2710834","1005","17.3962"
"2710834","1003","0.6875"
"2710834","1004","0.6813"
"2710835","2048","366.03011"
"2710835","2047","376.068"
"2710835","1005","76.6895"
"2710835","1004","4.34"
"2710835","1003","7.5625"
"2710836","2048","57.320421"
"2710836","2047","63.6613"
"2710836","1005","14.7674"
"2710836","1003","0.3125"
"2710836","1004","0.3713"
"2710837","2048","52.747095"
"2710837","2047","58.6773"
"2710837","1005","13.455575"
"2710837","1003","0.578125"
"2710837","1004","0.2825"
"2710838","2048","359.99995"
"2710838","2047","369.828"
"2710838","1005","76.1545"
"2710838","1003","8.5625"
"2710838","1004","3.44"
"2710839","2048","364.50325"
"2710839","2047","402.787"
"2710839","1005","68.69525"
"2710839","1003","11.16875"
"2710839","1004","9.259"
"2710840","2048","349.558015"
"2710840","2047","364.018"
"2710840","1005","73.5065"
"2710840","1003","10.2125"
"2710840","1004","3.238"
"2710841","2048","338.38971"
"2710841","2047","369.873"
"2710841","1005","74.872"
"2710841","1003","10.25"
"2710841","1004","3.265"
"2710842","2048","340.98918"
"2710842","2047","372.591"
"2710842","1005","73.57375"
"2710842","1003","10.08125"
"2710842","1004","4.219"
"2710843","2048","117.29613"
"2710843","2047","130.3432"
"2710843","1005","29.191425"
"2710843","1003","1.166875"
"2710843","1004","0.99"
"2727566","1004","5.94"
"2727566","1003","18.35625"
"2727566","1005","-0.47505"
"2727566","2047","124.9848"
"2727566","2048","130.121544"
"2727567","1004","13.35"
"2727567","1003","17.10625"
"2727567","1005","-0.17255"
"2727567","2047","187.8848"
"2727567","2048","192.792919"
"2727568","1004","10.64"
"2727568","1003","18.40625"
"2727568","1005","-0.45875"
"2727568","2047","167.55"
"2727568","2048","172.792125"
"2727569","1004","4.777"
"2727569","1003","21.40625"
"2727569","1005","-0.42825"
"2727569","2047","126.905"
"2727569","2048","132.8359"
"2727570","1004","18.64"
"2727570","1003","17.4625"
"2727570","1005","-0.2508"
"2727570","2047","236.6068"
"2727570","2048","241.727079"
"2727571","1004","8.88"
"2727571","1003","19.88125"
"2727571","1005","-0.14955"
"2727571","2047","158.8468"
"2727571","2048","164.411779"
"2727572","1004","11.54"
"2727572","1003","21.325"
"2727572","1005","0.2212"
"2727572","2047","190.0448"
"2727572","2048","196.004594"
"2727573","1004","6.456"
"2727573","1003","21.09375"
"2727573","1005","0.18025"
"2727573","2047","143.2"
"2727573","2048","149.001"
"2727574","1004","5.708"
"2727574","1003","21.975"
"2727574","1005","0.218"
"2727574","2047","140.144"
"2727574","2048","146.16307"
"2727575","1004","5.475"
"2727575","1003","22.8125"
"2727575","1005","-0.5625"
"2727575","2047","138.275"
"2727575","2048","144.617"
"2727576","1004","35.83"
"2727576","1003","15.2"
"2727576","1005","-0.705"
"2727576","2047","380.45"
"2727576","2048","385.36225"
"2727577","1003","1.151875"
"2727578","1003","0.854375"
"2727579","1003","0.791875"
"2727580","1003","0.8875"
"2727581","1003","1.52625"
"2727582","1003","1.064375"
"2727583","1003","1.06375"
"2727584","1003","1.4675"
"2727585","1003","0.66875"
"2727586","1003","1.3775"
"2727587","1003","0.422625"
"2727588","1003","0.0"
"2727589","1003","0.1465625"
"2747652","1004","9.853"
"2747652","1003","26.9375"
"2747652","1005","2.4095"
"2747652","2047","206.065"
"2747653","2047","26.367"
"2747653","1005","4.658825"
"2747653","1003","1.609375"
"2747653","1004","0.1438"
"2747654","1004","0.216"
"2747654","1003","14.2"
"2747654","1005","0.524"
"2747654","2047","60.84"
"2747655","2047","26.8924"
"2747655","1005","5.486225"
"2747655","1003","0.921875"
"2747655","1004","0.14"
"2747656","1004","0.5917"
"2747656","1003","19.0625"
"2747656","1005","-0.0602"
"2747656","2047","81.3345"
"2747657","1004","0.3667"
"2747657","1003","12.99375"
"2747657","1005","0.88555"
"2747657","2047","58.8175"
"2747658","1004","0.3767"
"2747658","1003","19.79375"
"2747658","1005","0.28655"
"2747658","2047","83.7115"
"2747659","2047","87.0745"
"2747659","1005","19.292275"
"2747659","1003","1.265625"
"2747659","1004","0.5381"
"2747660","2047","23.9398"
"2747660","1005","4.966175"
"2747660","1003","0.723125"
"2747660","1004","0.1314"
"2747661","2047","24.1264"
"2747661","1005","5.075675"
"2747661","1003","0.621125"
"2747661","1004","0.1488"
"2747662","2047","27.9906"
"2747662","1005","5.143175"
"2747662","1003","1.425625"
"2747662","1004","0.1906"
"2747663","2047","29.233"
"2747663","1005","6.136275"
"2747663","1003","0.855625"
"2747663","1004","0.1406"
"2747664","2047","26.3679"
"2747664","1005","4.96125"
"2747664","1003","1.30875"
"2747664","1004","0.1431"
"2747665","2047","19.60045"
"2747665","1005","4.05682"
"2747665","1003","0.65625"
"2747665","1004","0.08313"
"2747666","1004","0.4192"
"2747666","1003","16.3875"
"2747666","1005","2.2833"
"2747666","2047","78.456"
"2747667","1004","0.4933"
"2747667","1003","13.5125"
"2747667","1005","1.9662"
"2747667","2047","66.3545"
"2747668","1004","16.57"
"2747668","1003","14.925"
"2747668","1005","0.1392"
"2747668","2047","209.3868"
"2747669","1004","0.5692"
"2747669","1003","20.6625"
"2747669","1005","0.4413"
"2747669","2047","89.538"
"2747670","1004","0.2942"
"2747670","1003","15.5375"
"2747670","1005","1.1063"
"2747670","2047","69.223"
"2747671","1004","0.5508"
"2747671","1003","8.80625"
"2747671","1005","0.93215"
"2747671","2047","43.9108"
"2747672","1004","8.123"
"2747672","1003","19.2375"
"2747672","1005","0.4495"
"2747672","2047","151.855"
"2747673","1004","0.3875"
"2747673","1003","24.7"
"2747673","1005","-0.1045"
"2747673","2047","101.8695"
"2747674","2047","33.9816"
"2747674","1005","7.274975"
"2747674","1003","0.953125"
"2747674","1004","0.1188"
"2747675","1003","0.87125"
"2747676","2047","19.419"
"2747676","1005","4.166"
"2747676","1003","0.53125"
"2747676","1004","0.07"
"2768188","2047","78.4785"
"2768188","1005","0.0565"
"2768188","1004","0.9925"
"2768188","1003","17.33"
